{"current_position": [-0.004193753004074097, 0.1854521781206131, 5.3365478515625], "target_position": [0.4086519181728363, 0.1854521781206131, 4.753420829772949]}