{"current_position": [-2.2101075649261475, 0.16554422676563263, 2.427096366882324], "target_position": [0.47288721799850464, 0.16554422676563263, -1.000456690788269]}