{"current_position": [-4.821442127227783, 0.16851480305194855, -1.0659853219985962], "target_position": [-4.816498279571533, 0.16851480305194855, -1.255763053894043]}