{"current_position": [1.2076393365859985, 0.16554422676563263, 0.5516681671142578], "target_position": [0.47288721799850464, 0.16554422676563263, -1.000456690788269]}