{"current_position": [-2.820726156234741, 0.16554422676563263, -1.2545405626296997], "target_position": [0.47288721799850464, 0.16554422676563263, -1.000456690788269]}