{"current_position": [-2.2994167804718018, 0.16554422676563263, 2.545459508895874], "target_position": [0.47288721799850464, 0.16554422676563263, -1.000456690788269]}