{"current_position": [-2.256307363510132, 0.16554422676563263, 2.300480842590332], "target_position": [0.47288721799850464, 0.16554422676563263, -1.000456690788269]}