{"current_position": [1.203475832939148, 0.16554422676563263, 1.6697615385055542], "target_position": [0.47288721799850464, 0.16554422676563263, -1.000456690788269]}